feature,importance
filter_age_days,0.9822107020095974
load_age_ratio,0.0025376933812216755
inlet_pm25,0.002347942386218063
inlet_pm10,0.002194918358554711
pm_ratio,0.0021924740112760025
hour,0.0019005053207850557
load_factor,0.001891201876157311
pressure_efficiency_ratio,0.0017877717995971782
pressure_drop_pa,0.0014795037106665025
day_of_week,0.0010825565135276864
month,0.0003747306323984696
