feature,importance
filter_age_days,0.9717534726926792
load_age_ratio,0.004378340580114936
inlet_pm10,0.0037245160200928547
inlet_pm25,0.0034887673758301845
pm_ratio,0.003433639304457662
hour,0.0027414432054774043
load_factor,0.0026779716446468935
pressure_efficiency_ratio,0.002653010800550042
pressure_drop_pa,0.002284266509234787
day_of_week,0.0015267697959849078
month,0.00133780207093125
