Feature,Importance
filter_age_days,0.9577097128416443
load_age_ratio,0.005686866583099197
inlet_pm10,0.005585383302039911
inlet_pm25,0.005157753818381287
pm_ratio,0.0050142086320319875
hour,0.004190651148429352
pressure_efficiency_ratio,0.004162155401830626
load_factor,0.004102231853312496
pressure_drop_pa,0.0035610766327578867
day_of_week,0.0025224534065783513
month,0.002307506379894565
