RMSE,MAE,R²,MAPE,Explained Variance,Fold
0.003038617632660734,0.0025509756097561102,0.949119672918254,0.290713057891902,0.9492998913215637,1
0.0030233065296965196,0.0025613858093126497,0.9490343872892535,0.29184530641708456,0.9490685369327544,2
0.003018860947550225,0.002558978912319673,0.9490913846155958,0.2913505479231665,0.9492063544187425,3
0.0030160696322593552,0.002587491675915647,0.94915794739937,0.2947139277745775,0.9494343589340387,4
0.0030225425530530804,0.0025784350721420593,0.9498779152457546,0.29390293337496487,0.9499352540011112,5
