feature,importance
filter_age_days,0.971059036027444
pressure_drop_pa,0.010561919226738192
pressure_efficiency_ratio,0.0027204494384071155
inlet_pm25,0.0025902908831021264
inlet_pm10,0.002577845024476367
pm_ratio,0.0023964509379730244
load_age_ratio,0.002334878008930391
load_factor,0.0019602412823738814
hour,0.0019259071160607072
day_of_week,0.0011252896349913666
month,0.0007476924195027432
