feature,importance
filter_age_days,0.8689037832310483
pressure_efficiency_ratio,0.04124360585576258
pressure_drop_pa,0.03807000190286136
inlet_pm10,0.008278199214042372
inlet_pm25,0.007933186047537899
load_age_ratio,0.007596574387327113
pm_ratio,0.007298455380939453
hour,0.006961799647521645
load_factor,0.005792106536988047
month,0.004310311212524849
day_of_week,0.0036119765834464585
